{
  "files_processed": 100000,
  "candidates_extracted": 964643,
  "phrase_types": 23,
  "vocabulary_reduction": 41941.0,
  "type_entropy": 0.006049231457188797,
  "unique_transitions": 333,
  "duration_range_ms": [
    34.943115,
    349.2295
  ],
  "avg_duration_ms": 240.33784,
  "total_time_sec": 856.901825089
}