{
  "n_estimators": 300,
  "max_depth": 30,
  "min_samples_split": 3,
  "feature_means": [
    7550.479,
    4482.8867,
    100.0,
    16.795195,
    0.8759606,
    0.9761455,
    1703.6099,
    558.2024,
    0.29608858,
    18.010033,
    203.00716,
    2.075131,
    0.67763835,
    104.74195,
    -22.470406,
    -19.529411,
    -2.9418347,
    -1.3873706,
    -1.4352742,
    -0.14659631,
    -1.028354,
    -2.9802606,
    0.41484806,
    2.182287,
    -1.6707875,
    -1.696711,
    5.2071557,
    0.61696815,
    19.830248,
    59.65387,
    0.8114479,
    2581.2234,
    2851.1794,
    2922.1309,
    387.1793,
    342.14102,
    753.8372,
    6390.2793,
    5305.0425,
    0.86188436,
    3.8841898,
    -3.6932247,
    2.9504669,
    3.40887,
    0.20888613,
    0.8759606
  ],
  "feature_stds": [
    3430.3828,
    9484.529,
    1e-8,
    29.048018,
    0.18863891,
    0.07906855,
    3769.8735,
    1346.7284,
    0.24036993,
    1.2400355,
    255.32957,
    1.8923444,
    0.66188,
    460.47668,
    10.349336,
    5.3532014,
    1.911314,
    1.3419408,
    1.3017114,
    1.061264,
    1.0956867,
    1.2477881,
    0.81061673,
    0.99824905,
    0.9455166,
    0.9380121,
    1.8779188,
    1.2693559,
    176.73418,
    41.732903,
    1.2697448,
    4665.8433,
    4862.5776,
    4884.782,
    699.8439,
    583.517,
    1202.1228,
    3216.9834,
    1640.2582,
    0.97145784,
    3.7475517,
    3.5837028,
    2.8729274,
    7.4134874,
    0.11068266,
    0.18863891
  ],
  "taxon_labels": [
    "Amphibian",
    "Cetacean",
    "Insect",
    "Mammal",
    "Mysticete",
    "NonPasserine",
    "Pinniped",
    "Songbird",
    "Unknown"
  ],
  "taxon_to_idx": {
    "Amphibian": 0,
    "Cetacean": 1,
    "Mysticete": 4,
    "Pinniped": 6,
    "NonPasserine": 5,
    "Unknown": 8,
    "Songbird": 7,
    "Mammal": 3,
    "Insect": 2
  },
  "train_accuracy": 98.460754,
  "val_accuracy": 80.95031
}